School Size,Average Math Score,Average Reading Score,% Passing Math,% Passing Reading,% Overall Passing Rate
Small (<1000),83.82159776422071,83.92984341754834,93.55022469776569,96.09943667320715,94.82483068548642
Medium (1000-2000),83.37468376981991,83.86443831725629,93.59969459404034,96.7906800028675,95.19518729845393
Large (2000-5000),77.746416511437,81.34449272598371,69.96336073939455,82.76663445264148,76.36499759601801
