School Type,Average Math Score,Average Reading Score,% Passing Math,% Passing Reading,% Overall Passing Rate
Charter,83.47385187384614,83.8964207422255,93.62083003509467,96.58648927302872,95.10365965406167
District,76.95673306832398,80.96663632734915,66.54845257144744,80.79906211395057,73.67375734269902
